file_name,age,gender
common_voice_en_43199993.mp3,1,Female
common_voice_en_42736613.mp3,1,Female
common_voice_en_42798328.mp3,1,Female
common_voice_en_43204215.mp3,1,Female
common_voice_en_42752135.mp3,1,Female
common_voice_en_42799557.mp3,1,Female
common_voice_en_43196525.mp3,1,Female
common_voice_en_42817051.mp3,1,Female
common_voice_en_42805882.mp3,1,Female
common_voice_en_43193311.mp3,1,Female
common_voice_en_42751082.mp3,1,Female
common_voice_en_42806811.mp3,1,Female
common_voice_en_42730925.mp3,1,Female
common_voice_en_42808952.mp3,1,Female
common_voice_en_42809713.mp3,1,Female
common_voice_en_42816075.mp3,1,Male
common_voice_en_42810263.mp3,1,Female
common_voice_en_42814135.mp3,1,Female
common_voice_en_42787815.mp3,1,Female
common_voice_en_42726291.mp3,1,Female
common_voice_en_43193788.mp3,1,Female
common_voice_en_43202293.mp3,1,Female
common_voice_en_43204237.mp3,1,Female
common_voice_en_42750361.mp3,1,Female
common_voice_en_42816897.mp3,1,Female
common_voice_en_43196248.mp3,1,Female
common_voice_en_43203141.mp3,1,Female
common_voice_en_42789325.mp3,1,Female
common_voice_en_43225233.mp3,1,Female
common_voice_en_42745074.mp3,1,Female
common_voice_en_42791979.mp3,1,Female
common_voice_en_42812836.mp3,1,Female
common_voice_en_42943363.mp3,1,Female
common_voice_en_42814267.mp3,1,Female
common_voice_en_43188894.mp3,1,Female
common_voice_en_42797769.mp3,1,Female
common_voice_en_42814003.mp3,1,Female
common_voice_en_42814024.mp3,1,Female
common_voice_en_42812009.mp3,1,Female
common_voice_en_42812198.mp3,1,Female
common_voice_en_42785961.mp3,1,Female
common_voice_en_42785968.mp3,1,Female
common_voice_en_42814462.mp3,1,Female
common_voice_en_42814559.mp3,1,Female
common_voice_en_42831657.mp3,0,Female
common_voice_en_42831673.mp3,0,Female
common_voice_en_43195536.mp3,1,Female
common_voice_en_43195537.mp3,1,Female
common_voice_en_42833542.mp3,1,Male
common_voice_en_42833966.mp3,1,Male
common_voice_en_42833970.mp3,1,Male
common_voice_en_42833981.mp3,1,Male
common_voice_en_42833994.mp3,1,Male
common_voice_en_42844892.mp3,1,Male
common_voice_en_42844893.mp3,1,Male
common_voice_en_42844912.mp3,1,Male
common_voice_en_42844917.mp3,1,Male
common_voice_en_43193287.mp3,2,Male
common_voice_en_43200118.mp3,2,Male
common_voice_en_43160566.mp3,2,Male
common_voice_en_43173951.mp3,2,Male
common_voice_en_43406505.mp3,2,Male
common_voice_en_42895984.mp3,1,Female
common_voice_en_42896173.mp3,1,Female
common_voice_en_42896222.mp3,1,Female
common_voice_en_42902449.mp3,1,Female
common_voice_en_42906370.mp3,1,Female
